{
	"credit": "Made with Blockbench",
	"texture_size": [48, 48],
	"textures": {
		"0": "entity/frog/temperate_frog"
	},
	"elements": [
{
			"name": "left_leg",
			"from": [8.0, -1.495, 6.0],
			"to": [11.0, 1.505, 10.0],
			"faces": {
				"north": {"uv": [6, 9.66667, 7, 10.66667], "texture": "#0"},
				"east": {"uv": [4.66667, 9.66667, 6, 10.66667], "texture": "#0"},
				"south": {"uv": [8.33333, 9.66667, 9.33333, 10.66667], "texture": "#0"},
				"west": {"uv": [7, 9.66667, 8.33333, 10.66667], "texture": "#0"},
				"up": {"uv": [7, 9.66667, 6, 8.33333], "texture": "#0"},
				"down": {"uv": [8, 8.33333, 7, 9.66667], "texture": "#0"}
			}
		},
		{
			"name": "left_leg",
			"from": [4.0, -1.5050000000000001, 4.0],
			"to": [12.0, -1.5050000000000001, 12.0],
			"faces": {
				"north": {"uv": [3.33333, 13.33333, 6, 13.33333], "texture": "#0"},
				"east": {"uv": [0.66667, 13.33333, 3.33333, 13.33333], "texture": "#0"},
				"south": {"uv": [8.66667, 13.33333, 11.33333, 13.33333], "texture": "#0"},
				"west": {"uv": [6, 13.33333, 8.66667, 13.33333], "texture": "#0"},
				"up": {"uv": [6, 13.33333, 3.33333, 10.66667], "texture": "#0"},
				"down": {"uv": [6, 10.66667, 3.33333, 13.33333], "texture": "#0"}
}
}
],
	"display": {
		"thirdperson_righthand": {
			"rotation": [85, 0, 0],
			"translation": [0, 0.0, 6.495]
		},
		"thirdperson_lefthand": {
			"rotation": [85, 0, 0],
			"translation": [0, 0.0, 6.495]
		},
		"firstperson_righthand": {
			"rotation": [0, 15, 0],
			"translation": [-0.75, 10.5, 3.0]
		},
		"firstperson_lefthand": {
			"rotation": [0, 15, 0],
			"translation": [-0.75, 10.5, 3.0]
		},
		"ground": {
			"translation": [0, 6.005, 0]
		},
		"gui": {
			"rotation": [30, -135, 0],
			"translation": [0, 6.5, 0]
		},
		"head": {
			"translation": [0, 6.62, 0],
			"scale": [1.62, 1.62, 1.62]
		},
		"fixed": {
			"rotation": [-90, 0, 0],
			"translation": [0, 0, -9.504999999999999]
		}
	}}